Workbook

Sheet Start here
B2: Clawnly live match review
B3: 67 groups the live AI matchmaker made in 5 runs on 29 Oct 2026 (Opus 5.5 planning, Sonnet 5 agents), with 296 invitations and every reason given.
B5: How to review
B6: 1 | C6: Open the Matches tab. Each row is one group the matchmaker made and code locked.
B7: 2 | C7: Read Who, the matchmaker's reason, and how each person's agent answered and why. Then Claude's read.
B8: 3 | C8: Pick Good / OK / Bad / Unsure under Your verdict, and add a note if you like.
B9: 4 | C9: Want a single decision? The Answers tab has one row per invitation: what the matchmaker said, what code told the agent, and the agent's answer and reason.
B10: 5 | C10: The Tally tab counts your verdicts and where you and Claude disagree.
B11: The runs
B12: S | C12: Smoke test: 8 people, Sat 31 Oct. Before the fixes.
B13: P1 | C13: Pilot: 30 people, Wed 28 and Sat 31 Oct. Before the fixes.
B14: T1 | C14: Whole town: 200 people, Wed 28, Sat 31 Oct and Sun 1 Nov. Before the fixes.
B15: P2 | C15: Pilot again: the same 30 people and days, after the fixes.
B16: T2 | C16: Whole town again: Sat 31 Oct, after the fixes.
B17: Claude's read
B18: Good | C18: Fits well: the people are into the activity and nothing argues against it.
B19: OK | C19: Works, with something to look at (a side-interest member, a big age gap, a group of two).
B20: Weak | C20: A real problem: someone locked into something they avoid, or nobody really into the activity.
B21: Read by | C21: Fable 5.1 audit: an independent AI model that took no part in the runs read the logs for this group (25 groups). Rules (no AI call): for the other 42 groups, Claude wrote rules from the recorded data.
B22: How far to trust the rules | C22: On the 25 groups both read, the rules agree with Fable 10 times. They are stricter: 12 groups Fable called Good, the rules call OK (usually a side-interest member or a group of two). Treat a rules read as a flag to look at, not a verdict.
B23: 'Main activity' | C23: The activity's first tag in the catalog. A few are debatable (the Ten Trails walk lists dog walks first), so judge those yourself.
B24: Good to know
B25: Where facts come from | C25: Every word is from the run folders in simulation_results/. The matchmaker's reason, the agents' answers and the final messages are verbatim.
B26: [side interest] | C26: This person is in the group through one of the activity's other tags (say the beer at a trivia night), not the main activity.
B27: Long cells | C27: If a cell's text is cut off (a few final-message cells are long), click the cell to read all of it.
B28: Events | C28: Numbers like #560 point to that run's full_transcript.txt and full_simulation.jsonl, which keep every prompt and reply verbatim.
B29: Example
B30: Your verdict | C30: Bad
B31: Your notes | C31: Ava and Nikhil avoid late nights but were locked into a 9:30pm game. (match T1 2026-10-31/g1)

Sheet Matches
A1: # | B1: Run | C1: When | D1: Activity | E1: Who (age, what they like about it) | F1: The matchmaker's reason (verbatim) | G1: How it was decided | H1: Each agent's answer and reason (verbatim) | I1: Rule checks | J1: What they share | K1: Claude's read | L1: Claude's reason | M1: Read by | N1: Your verdict | O1: Your notes | P1: Final messages sent (verbatim) | Q1: Match ID | R1: Events
A2: 1 | B2: S before fixes | C2: Sat 31 Oct morning, 9am-12pm | D2: Green River Gorge hike Green River Gorge Conservation Area free, 2 people | E2: Wei, 43, parent at home: likes hiking, loves photography Susan, 54, remote worker: loves hiking, likes photography | F2: Two keen hikers in their 40s and 50s who both love photography, on the most photogenic trail around. | G2: Asked 2 times: 2 yes, 0 no, 0 counter. Locked by code with 2 yes (needs 2+). | H2: Wei (round 1): YES This sounds great - Saturday morning works perfectly, Wei loves hiking and photography, it's free, and a small group with a fellow photography enthusiast is just the right vibe. Count Wei in! Susan (round 1): YES Susan's free Saturday morning and loves hiking plus photography - this gorge hike with fall colors sounds perfect, and it's free. Count her in! | I2: None: every rule held. | J2: farmers market (Wei, Wei); hiking (Wei, Susan); photography (Wei, Susan) | K2: Good | L2: A clean two-person pairing: Wei and Susan both have hiking and photography near the top of their profiles, are both free Saturday morning, and the free cost satisfies both budgets. Both agents said yes with reasons that match their profiles, the matchmaker needed no alternates, and the final messages name only the two attendees and use only profile facts. The only quibble is mild overstatement of 'love' versus 'really likes' in some messages. | M2: Fable 5.1 audit | P2: Headline: Two trail-loving neighbors are set for the Green River Gorge Wei: Wei, your small group hike at Green River Gorge Conservation Area is confirmed for Saturday 31 Oct, 9am-12pm. You'll be joined by Susan, a fellow hiking and photography lover, so expect some good stops along the way to snap the gorge views. Low-key and no crowds, just like you like it. Susan: Susan, you're confirmed for the Green River Gorge hike this Saturday 31 Oct, 9am-12pm at the Green River Gorge Conservation Area. You'll be hiking with Wei, who shares your love of hiking and photography, so bring your camera for the overlooks. Should be a nice, easy-paced morning out on the trail. | Q2: S 2026-10-31/g1 | R2: proposed #17, plan #12, locked #65, messages #68
A3: 2 | B3: S before fixes | C3: Sat 31 Oct afternoon, 1pm-4pm | D3: Franklin ghost town hike Franklin ghost town trail, Green River Gorge Rd free, 2 people | E3: Imani, 52, remote worker: likes hiking, loves history Carlos, 61, retiree: likes history, loves hiking | F3: Two Morgan Creek history buffs who love hiking, exploring an old coal-mining ghost town together. | G3: Asked 2 times: 2 yes, 0 no, 0 counter. Locked by code with 2 yes (needs 2+). | H3: Imani (round 1): YES This is a great fit—Imani loves hiking and history, it's free, Saturday afternoon is open, and a small neighbor group sounds low-key and not loud. Count her in! Carlos (round 1): YES Carlos would love this — hiking, history, and a ghost town ruin all in one, during his free Saturday afternoon. Count him in! | I3: None: every rule held. | J3: hiking (Imani, Carlos); history (Imani, Carlos) | K3: Good | L3: A clean two-person match: both members are Morgan Creek residents who rank history and hiking among their top interests, both avoid loud places, both are free Saturday afternoon, and the free cost respects Imani's budget. Both agents accepted on grounds that match their profiles, the matchmaker's messages were accurate and named only the two attendees, and the group locked in a single round without waste. | M3: Fable 5.1 audit | P3: Headline: A ghost town walk through Franklin's history, Halloween weekend Imani: Imani, you're set for the Franklin ghost town hike on Saturday 31 Oct, 1-4pm, along Green River Gorge Rd. You'll be walking with Carlos, a fellow Morgan Creek local — with your shared love of history, this old townsite will give you plenty to explore together. Carlos: Carlos, your small group for the Franklin ghost town hike is confirmed: Saturday 31 Oct, 1-4pm at Green River Gorge Rd. You're joined by Imani, another Morgan Creek resident who loves hiking and history just as much as you do, so the ghost town's backstory should make for great conversation on the trail. | Q3: S 2026-10-31/g2 | R3: proposed #18, plan #12, locked #66, messages #70
A4: 3 | B4: S before fixes | C4: Sat 31 Oct evening, 7pm-9:30pm | D4: Kraken hockey night Black Diamond Grill low cost, 3 people | E4: Cody, 25, commuter: loves dining, loves watch sports Rosa, 43, commuter: loves craft beer, loves watch sports Kevin, 61, commuter: likes watch sports, loves craft beer | F4: Four big sports fans who also share a taste for good food and craft beer, watching the Kraken together. | G4: Asked 4 times: 3 yes, 1 no, 0 counter. Locked by code with 3 yes (needs 2+). | H4: Cody (round 1): YES Cody's free Saturday evening and loves watch sports plus dining, so Kraken hockey night at Black Diamond Grill is a great fit. Count him in! Rosa (round 1): YES Rosa's free Saturday evening and this is right up her alley—watching sports with craft beer and meeting neighbors sounds great. She's in! Olivia (round 1): NO Olivia's free Saturday evening, but watching a competitive sports game isn't her thing—she avoids competitive settings and this isn't really aligned with her interests in craft beer, running, dining, or volunteering. Thanks for thinking of her though! Kevin (round 1): YES Kevin's free Saturday evening and loves watching sports with craft beer on hand — count him in for Kraken hockey night at Black Diamond Grill, low cost and small group works great for him. | I4: None: every rule held. | J4: golf (Cody, Rosa, Kevin); watch sports (Cody, Rosa, Kevin); hiking (Cody, Rosa); craft beer (Rosa, Kevin) | K4: OK | L4: The final trio (Cody, Rosa, Kevin) is a sound sports-and-beer group that locked at the proposed time with no counters or re-asks. The main weakness is the matchmaker's original framing of 'four big sports fans' when Olivia's profile has no sports-watching interest at all and she avoids competitive settings, making her decline predictable and the ask somewhat wasted. Final messages are mostly accurate but lean on small overstatements of interest levels. | M4: Fable 5.1 audit | P4: Headline: Three Black Diamond regulars are catching the Kraken game together Cody: Cody, you're set for Kraken hockey night at Black Diamond Grill this Saturday, Oct 31, 7-9:30pm. You'll be with Rosa and Kevin, and with all three of you loving to watch sports, this should be an easy one to settle into over a beer and some good plays. Rosa: Rosa, your Kraken hockey night at Black Diamond Grill is locked in for Saturday, Oct 31, 7-9:30pm, alongside Cody and Kevin. Between your craft beer love and their shared passion for watching sports, you'll have plenty to talk about between periods. Kevin: Kevin, you're joining Cody and Rosa for Kraken hockey night at Black Diamond Grill this Saturday, Oct 31, from 7-9:30pm. You all love watching sports and golf, so expect some good game talk and maybe a few course stories mixed in with the hockey. | Q4: S 2026-10-31/g3 | R4: proposed #19, plan #12, locked #67, messages #72
A5: 4 | B5: P1 before fixes | C5: Wed 28 Oct evening, 5:30pm-7pm | D5: Pickleball doubles public courts in Maple Valley free, 4 people | E5: Andres, 64, commuter: loves pickleball Quinn, 49, commuter: loves pickleball Kevin, 30, commuter: loves pickleball Heather, 31, commuter: loves pickleball | F5: Exactly four pickleball lovers for a doubles rotation, and several of them also share live music and baseball. | G5: Asked 8 times: 8 yes, 0 no, 0 counter. Locked by code with 4 yes (needs 2+). | H5: Andres (round 1): YES Andres is free Wednesday evening and loves pickleball—count him in for doubles at Maple Valley, 5:30-7pm! Andres (round 2): YES Andres is free Wednesday evening and loves pickleball - he's happy to join Quinn, Kevin and Heather at 5:30pm in Maple Valley. Quinn (round 1): YES Quinn's free Wednesday evening and loves pickleball—free doubles at Maple Valley works great, especially with some baseball chat thrown in. Count Quinn in! Quinn (round 2): YES Quinn's in for pickleball doubles Wed 28 Oct, 5:30-7pm at Maple Valley courts — free, matches his evening availability, and pickleball's his favorite. See you there! Kevin (round 1): YES Wednesday 5:30-7pm pickleball at Maple Valley courts works great for Kevin—free, fits his free evening, and pickleball's one of his favorites. Count him in! Kevin (round 2): YES Kevin's free Wednesday evening and loves pickleball - free doubles at Maple Valley courts 5:30-7pm works great, he's in! Heather (round 1): YES Heather's free Wednesday evening and pickleball is her favorite—free courts in Maple Valley with a full four works great. She's in! Heather (round 2): YES Wednesday evening works great for Heather — she's free then, loves pickleball, and free at public courts fits her budget perfectly. Confirmed! | I5: • Low: In round 2 the hub asked 4 people in 2026-10-28/g1 (e081, e043, e078, e167) again although they had said yes and the time hadn't changed. | J5: live music (Andres, Kevin, Heather); dining (Andres, Kevin); hiking (Andres, Heather); pickleball (Andres, Quinn, Kevin, Heather); running (Quinn, Kevin, Heather); baseball (Quinn, Kevin) | K5: OK | L5: Four pickleball lovers, all free Wednesday evening, all within budget for a free event, were proposed, said yes twice and were locked without any conflict. The matchmaking logic was sound and the agents followed their profiles. The main flaws are in the final wrap-up: one message credits Quinn with a love of live music that his profile does not contain, the headline names Black Diamond while the courts are in Maple Valley, and one early pitch overstated how many baseball fans were in the group. | M5: Fable 5.1 audit | P5: Headline: Pickleball doubles is set for Wednesday in Black Diamond! Andres: Andres, your pickleball doubles match is confirmed for Wednesday 10/28, 5:30-7pm at the public courts in Maple Valley. You'll be playing with Quinn, Kevin, and Heather — Kevin and Quinn both share your love of live music and the game itself, so expect good energy on the court. Quinn: Quinn, you're set for pickleball doubles this Wednesday 10/28, 5:30-7pm at the Maple Valley public courts, teaming up with Andres, Kevin, and Heather. Kevin's right there with you on running and pickleball, so you two should click fast on court chemistry. Kevin: Kevin, your doubles match is locked in for Wednesday 10/28, 5:30-7pm at the public courts in Maple Valley, alongside Andres, Quinn, and Heather. You and Quinn both love running and pickleball, and Andres and Heather share your appreciation for live music, so there's plenty to talk about between games. Heather: Heather, you're confirmed for pickleball doubles Wednesday 10/28, 5:30-7pm at the Maple Valley public courts, playing with Andres, Quinn, and Kevin. Andres shares your love of hiking and live music, so you two will have easy conversation starters before the first serve. | Q5: P1 2026-10-28/g1 | R5: proposed #42, plan #34, locked #320, messages #326
A6: 5 | B6: P1 before fixes | C6: Wed 28 Oct evening, 7pm-9pm | D6: Trivia night as one team a Black Diamond taproom low cost, 5 people | E6: Rachel, 29, commuter: loves craft beer [side interest] Lauren, 28, remote worker: loves craft beer [side interest] Rohan, 60, commuter: loves craft beer [side interest] Kavya, 25, commuter: loves trivia Rosa, 43, commuter: loves craft beer [side interest] | F6: Five trivia-keen neighbors, most of them craft-beer fans, make a well-sized single team. | G6: Asked 10 times: 10 yes, 0 no, 0 counter. Locked by code with 5 yes (needs 2+). | H6: Rachel (round 1): YES A taproom trivia night on Wednesday evening works great for Rachel — she loves craft beer and the timing fits her free evening perfectly. Count her in! Rachel (round 2): YES Wednesday evening works great for Rachel, and a taproom setting fits her love of craft beer—she's happy to join the trivia team with Lauren, Rohan, Kavya and Rosa. Lauren (round 1): YES Wednesday evening works great for Lauren—craft beer and a relaxed trivia night with neighbors sounds like a fun, low-cost time. Count her in! Lauren (round 2): YES Lauren's free Wednesday evening and a taproom trivia night fits her craft beer love and low-cost budget perfectly—she's in! Rohan (round 1): YES Wednesday evening works great for Rohan, and a taproom with craft beer and neighbors sounds like a fun time — he's in. Rohan (round 2): YES Wednesday evening works great for Rohan, and a taproom trivia night pairs nicely with his love of craft beer — he's in! Kavya (round 1): YES Trivia night fits perfectly - Wednesday evening is free, low cost works for the budget, and trivia is one of Kavya's favorites. Count Kavya in! Kavya (round 2): YES Trivia night fits perfectly - Kavya loves trivia, Wednesday evening is free, and a low-cost taproom works for the budget. Count her in! Rosa (round 1): YES Rosa's free Wednesday evening and this fits perfectly — craft beer, low cost, and a sports round with fellow fans? She's in! Rosa (round 2): YES Rosa's free Wednesday evening and loves a taproom setting with craft beer around - trivia night with the group sounds great, count her in! | I6: • Low: In round 2 the hub asked 5 people in 2026-10-28/g2 (e123, e049, e074, e170, e075) again although they had said yes and the time hadn't changed. | J6: dining (Rachel, Rohan); craft beer (Rachel, Lauren, Rohan, Rosa); running (Rachel, Lauren, Kavya); live music (Rachel, Kavya); yoga (Lauren, Rosa); volunteering (Lauren, Kavya); golf (Rohan, Rosa); hiking (Kavya, Rosa) | K6: OK | L6: All five said yes and the group locked cleanly at the original time with accurate, correctly-addressed final messages. The group hangs together on craft beer and the evening slot rather than on trivia: only Kavya's profile mentions trivia, so the matchmaker's stated rationale ('five trivia-keen neighbors') is not supported by the profiles, and one invite leaned on a 'sports fans' claim the profiles don't back. | M6: Fable 5.1 audit | P6: Headline: Trivia night at the taproom – your team is set for Wed Oct 28 Rachel: Rachel, your trivia team is locked in for Wednesday 28 Oct, 7-9pm at a Black Diamond taproom. You'll be with Lauren, Rohan, Kavya, and Rosa — with Lauren, Rohan, and Rosa you've already got craft beer love in common, so the pitchers should go over well between rounds. Lauren: Lauren, you're set for trivia night this Wednesday 28 Oct, 7-9pm at a Black Diamond taproom with Rachel, Rohan, Kavya, and Rosa. You and Rachel, Rohan, and Rosa all love craft beer, so expect some good debate over what to order. Rohan: Rohan, your team for Wednesday 28 Oct's trivia night (7-9pm, Black Diamond taproom) includes Rachel, Lauren, Kavya, and Rosa. You, Rachel, Lauren, and Rosa all love craft beer, so the drink order should be an easy consensus. Kavya: Kavya, you're teamed up for trivia night Wednesday 28 Oct, 7-9pm at a Black Diamond taproom with Rachel, Lauren, Rohan, and Rosa. You're the one who actually loves trivia on your profile, so lean on you for the tiebreakers. Rosa: Rosa, your trivia team is confirmed for Wednesday 28 Oct, 7-9pm at a Black Diamond taproom — joining you are Rachel, Lauren, Rohan, and Kavya. You share a love of craft beer with Rachel, Lauren, and Rohan, so there's a solid baseline for team bonding before the questions start. | Q6: P1 2026-10-28/g2 | R6: proposed #43, plan #34, locked #321, messages #328
A7: 6 | B7: P1 before fixes | C7: Wed 28 Oct evening, 5:30pm-6:45pm | D7: Evening walk on the Ten Trails paths Ten Trails trail network free, 3 people | E7: Isabel, 23, commuter: loves running, likes hiking, loves dog walks Dylan, 58, commuter: loves running, loves hiking [side interest] Donna, 61, remote worker: likes running, likes dog walks | F7: Three runners who also love hiking or dog walks make an easy, chatty evening walk. | G7: Asked 6 times: 6 yes, 0 no, 0 counter. Locked by code with 3 yes (needs 2+). | H7: Isabel (round 1): YES Wednesday evening works great for Isabel — a free group walk with fellow runners fits her schedule and interests perfectly. She's in! Isabel (round 2): YES Wednesday evening works great for Isabel — a free walk on the Ten Trails paths fits her free schedule, is cost-free, and a small casual group (not a crowd) suits her. She's in! Dylan (round 1): YES Wednesday evening works great for Dylan - free time, local trails, and a walk with runners fits his love of running and hiking. He'll bring the camera too. Count him in! Dylan (round 2): YES This works well for Dylan — free Wednesday evening, a walk fits his love of hiking/outdoors, and it's free. He's happy to join Isabel and Donna. Donna (round 1): YES Donna's free Wednesday evening and loves dog walks/trails—small group of neighbors sounds great, not a crowd. She's in for the Ten Trails walk, 5:30-6:45pm. Donna (round 2): YES Wednesday evening works great for Donna—an evening walk on the Ten Trails paths with a small group fits her free time and love of outdoor activity. She's in. | I7: • Low: In round 2 the hub asked 3 people in 2026-10-28/g3 (e082, e046, e067) again although they had said yes and the time hadn't changed. | J7: running (Isabel, Dylan, Donna); hiking (Isabel, Dylan); craft beer (Isabel, Donna); dog walks (Isabel, Donna) | K7: Good | L7: A free evening walk for three runners who also enjoy hiking or dog walks, all free Wednesday evening, with two crowd-avoiders well served by a group of three. All three agents said yes for reasons grounded in their profiles, the matchmaker's outreach and final messages were accurate apart from slightly inflating 'really likes' to 'loves', and the group locked cleanly. The only quality wrinkle (re-asking unchanged yeses) was already flagged by code. | M7: Fable 5.1 audit | P7: Headline: Three runners, one evening walk on Ten Trails Isabel: Hi Isabel, your Wednesday Oct 28 walk (5:30-6:45pm) on the Ten Trails paths is set with Dylan and Donna. You and Dylan both love running and hiking, so the trail chat should flow easily, and Donna's a fellow dog-walk enthusiast too. Dylan: Hi Dylan, you're confirmed for the evening walk at Ten Trails this Wednesday Oct 28, 5:30-6:45pm, alongside Isabel and Donna. Isabel shares your love of running and hiking, so expect some good trail talk on this one. Donna: Hi Donna, your group walk on the Ten Trails paths is a go for Wednesday Oct 28, 5:30-6:45pm, with Isabel and Dylan. You and Isabel both love dog walks, and all three of you share a love of running, so this should be an easy, friendly group. | Q7: P1 2026-10-28/g3 | R7: proposed #44, plan #34, locked #322, messages #330
A8: 7 | B8: P1 before fixes | C8: Wed 28 Oct morning, 10:30am-11:30am (planned 9am-10:30am) | D8: Coffee and pastries at the Black Diamond Bakery Black Diamond Bakery low cost, 4 people | E8: Mark, 44, shift worker: loves coffee, likes baking Chris, 36, parent at home: is up for coffee, loves baking Brian, 48, parent at home: loves baking [side interest] Imani, 40, parent at home: loves coffee | F8: Four parents with kids who love coffee and baking, meeting over pastries after school drop-off. | G8: Asked 8 times: 7 yes, 0 no, 1 counter. Time moved from 9am-10:30am to 10:30am-11:30am. Locked by code with 4 yes (needs 2+). | H8: Mark (round 1): YES This fits perfectly — Wednesday morning is free, coffee and baking are right up Mark's alley, and it's low-cost. Count him in! Mark (round 2): YES 10:30-11:30am Wednesday works great for Mark — coffee and pastries fits his free morning, his love of coffee, and low-cost budget. Confirmed! Chris (round 1): COUNTER, asked for: Could we push it later in the morning, like 10:30-11:30am, since Chris avoids early starts? Or shift to Thursday morning if that's easier. Chris loves baking and coffee with neighbors, this sounds great! But 9am is a bit too early for him—could we start around 10:30-11am instead, or move it to Thursday morning? Chris (round 2): YES 10:30am Wednesday works great for Chris—coffee, pastries, and baking vibes all check out. Please confirm with the group. Brian (round 1): YES Wednesday morning works great for Brian, and he loves baking, so coffee and pastries with neighbors at Black Diamond Bakery sounds perfect. He's in! Brian (round 2): YES 10:30-11:30am Wednesday works great for Brian — he's free that morning and loves bakery treats. Count him in! Imani (round 1): YES Wednesday morning works great for Imani — coffee with neighborhood parents at a low cost fits perfectly. Count her in! Imani (round 2): YES 10:30-11:30am Wednesday works great for Imani — free that morning, loves coffee, and it's low-cost and local. Count her in. | I8: None: every rule held. | J8: coffee (Mark, Chris, Imani); baking (Mark, Chris, Brian); picnics (Mark, Chris); dog walks (Mark, Brian) | K8: Good | L8: Four parents with kids at home who all rate coffee or baking highly were matched for a low-cost bakery meetup; all four agents answered in line with their profiles, Chris's early-morning counter was handled cleanly by moving the slot and re-confirming the others, and the group locked with everyone's yes. The only weaknesses are small overstatements in the invites and final messages (Mark described as a parent at home and as loving baking, Imani and Brian credited with interests they don't list). | M8: Fable 5.1 audit | P8: Headline: Four Black Diamond parents, one pastry case, and a Wednesday morning to spare Mark: Mark, your group is set for coffee and pastries at Black Diamond Bakery on Wednesday 28 Oct, 10:30–11:30am, with Chris, Brian, and Imani. You and Chris and Brian all love baking, so there should be plenty to swap recipes and opinions on — and like you, everyone's juggling kids at home right now. Chris: Chris, you're confirmed for coffee and pastries at Black Diamond Bakery on Wednesday 28 Oct, 10:30–11:30am, alongside Mark, Brian, and Imani. Mark and Brian share your love of baking, so expect some good shop talk over the pastries, and all four of you are parents navigating life with kids at home. Brian: Brian, your coffee and pastries meetup at Black Diamond Bakery is confirmed for Wednesday 28 Oct, 10:30–11:30am, with Mark, Chris, and Imani joining you. Mark and Chris both love baking as much as you do, so that's an easy place to start, and everyone at the table is currently a parent at home with kids. Imani: Imani, you're set for coffee and pastries at Black Diamond Bakery on Wednesday 28 Oct, 10:30–11:30am, with Mark, Chris, and Brian. Coffee is a love you share with Chris, and all three of them are parents at home with kids too, so you'll have plenty in common to talk about over the table. | Q8: P1 2026-10-28/g4 | R8: proposed #45, plan #34, locked #323, messages #332
A9: 8 | B9: P1 before fixes | C9: Wed 28 Oct morning, 8am-10am | D9: Birding walk at Lake Sawyer Lake Sawyer Regional Park free, 3 people | E9: Ron, 58, retiree: loves birding, likes photography Noah, 77, retiree: loves birding Claire, 72, retiree: likes birding | F9: Three retirees who all love birding, and enjoy fishing or cards, for a quiet lake morning. | G9: Asked 6 times: 6 yes, 0 no, 0 counter. Locked by code with 3 yes (needs 2+). | H9: Ron (round 1): YES Ron's free Wednesday morning and loves birding (bonus points for bringing the camera too) — count him in for the Lake Sawyer walk! Ron (round 2): YES This works great for Ron—Wednesday morning is free, birding is one of his favorite activities, and it's free of charge. He's happy to join Noah and Claire at Lake Sawyer! Noah (round 1): YES This fits Noah's free Wednesday morning perfectly, and birding with fellow enthusiasts (one who fishes too) sounds great to him. Count him in! Noah (round 2): YES This is a great fit—Noah loves birding and is free Wednesday morning. Please confirm him for the 8am-10am walk at Lake Sawyer with Ron and Claire. Claire (round 1): YES This sounds great - Claire loves birding, it's free, and Wednesday morning works perfectly with her schedule. Count her in! Claire (round 2): YES Claire's free Wednesday morning and loves birding plus it's free — this is a great fit, confirmed! | I9: • Low: In round 2 the hub asked 3 people in 2026-10-28/g5 (e038, e069, e111) again although they had said yes and the time hadn't changed. | J9: birding (Ron, Noah, Claire); cards (Ron, Claire); fishing (Noah, Claire) | K9: Good | L9: A clean, well-matched group: three retirees who all list birding among their top interests, a free morning walk that fits everyone's calendar and Claire's low-cost budget, and three straightforward yeses in round 1 followed by a lock. The matchmaker's messages used accurate profile facts and named only attendees. The only blemishes are the code-flagged redundant round-2 re-ask and a weak alternate choice that was never needed. | M9: Fable 5.1 audit | P9: Headline: Three retirees, one lake, and a lot of birds waiting at Lake Sawyer Ron: Ron, your Lake Sawyer birding walk is set for Wednesday 28 Oct, 8-10am at Lake Sawyer Regional Park, alongside Noah and Claire. Claire's into cards too, so between the birds you two might already have your next game planned. Noah: Noah, you're confirmed for the birding walk at Lake Sawyer Regional Park on Wednesday 28 Oct, 8-10am, joined by Ron and Claire. Claire's also a fishing fan, so you two should have plenty to talk about between sightings. Claire: Claire, your group for the Lake Sawyer birding walk is set: Wednesday 28 Oct, 8-10am at Lake Sawyer Regional Park with Ron and Noah. Noah shares your love of fishing, and Ron's a fellow Black Diamond Ridge retiree who's just as into cards as you are. | Q9: P1 2026-10-28/g5 | R9: proposed #46, plan #34, locked #324, messages #334
A10: 9 | B10: P1 before fixes | C10: Wed 28 Oct afternoon, 1pm-4pm | D10: Franklin ghost town hike Franklin ghost town trail, Green River Gorge Rd free, 5 people | E10: Wei, 43, parent at home: likes hiking, loves photography Carlos, 61, retiree: likes history, loves hiking Ryan, 78, retiree: loves history [side interest] Grace, 42, shift worker: loves hiking Josh, 41, shift worker: loves hiking | F10: Hikers and history lovers exploring the Franklin ghost town together, with the photography, history and outdoors talk to match. | G10: Asked 10 times: 10 yes, 0 no, 0 counter. Locked by code with 5 yes (needs 2+). | H10: Wei (round 1): YES Wednesday 1-4pm works perfectly for Wei's free afternoon — hiking and photography are both loved activities, it's free, and a small group of neighbors isn't the crowded scene Wei avoids. Count Wei in! Wei (round 2): YES Wednesday afternoon works great for Wei—hiking is a favorite, it's free, and a small neighbor group sounds low-key and not crowded. Count Wei in for the Franklin ghost town hike! Carlos (round 1): YES Carlos is free Wednesday afternoon and this sounds perfect—hiking, history, and a small neighbor group with a fellow history buff. Count him in! Carlos (round 2): YES This works well for Carlos—Wednesday afternoon is free, hiking fits his interests, and a ghost town trail has a nice historical angle too. Count him in. Ryan (round 1): YES Ryan's free Wednesday afternoon and loves history, so a free ghost town hike with history-minded neighbors sounds perfect. He's in! Ryan (round 2): YES Ryan's free Wednesday afternoon and loves history, so a ghost town hike with neighbors fits well—count him in. Grace (round 1): YES Wednesday afternoon works great for Grace—free hike, no cost, and a group that likes sports too? Count her in! Grace (round 2): YES Grace is free Wednesday afternoon and loves hiking - a free group hike fits perfectly. She's in for the Franklin ghost town hike! Josh (round 1): YES Josh is free Wednesday afternoon and loves hiking, so the Franklin ghost town hike 1-4pm works great, especially free. Count him in! Josh (round 2): YES Hiking Wednesday afternoon works great for Josh, he's free then and loves hiking. Free cost is a plus too — he's in! | I10: • Low: In round 2 the hub asked 5 people in 2026-10-28/g6 (e124, e143, e055, e148, e105) again although they had said yes and the time hadn't changed. | J10: farmers market (Wei, Wei, Carlos); hiking (Wei, Carlos, Grace, Josh); history (Carlos, Ryan); baseball (Ryan, Grace); watch sports (Grace, Josh) | K10: OK | L10: A free afternoon hike with five people who all have an open Wednesday afternoon and mostly share hiking or history interests; every agent said yes consistently with its profile and the group locked cleanly. The main weaknesses are small embellishments in the matchmaker's pitches and a final message that calls Wei a history lover, which the profile does not support. | M10: Fable 5.1 audit | P10: Headline: Five Black Diamond locals set for the Franklin ghost town hike, Wed Oct 28, 1-4pm Wei: Wei, you're set for the Franklin ghost town hike on Wednesday Oct 28, 1-4pm at the trail off Green River Gorge Rd. You'll be hiking alongside Carlos, Ryan, Grace, and Josh — Carlos is another hiking and history lover from Morgan Creek like you, so you'll have plenty to chat about on the trail. Carlos: Carlos, your group for the Franklin ghost town hike is confirmed for Wednesday Oct 28, 1-4pm on Green River Gorge Rd. You'll be joined by Wei, Ryan, Grace, and Josh — Wei shares your love of hiking and lives in Morgan Creek too, and Ryan's history interest should make for good conversation among the old ruins. Ryan: Ryan, you're in for the Franklin ghost town hike this Wednesday Oct 28, 1-4pm at the trailhead on Green River Gorge Rd. Carlos, Wei, Grace, and Josh are joining you, and Carlos in particular shares your interest in history, which should make the ghost town setting a fun one to explore together. Grace: Grace, your Franklin ghost town hike is locked in for Wednesday Oct 28, 1-4pm on Green River Gorge Rd. You'll be hiking with Wei, Carlos, Ryan, and Josh — Josh is another hiking enthusiast and fellow shift worker, so your schedules and trail pace should line up well. Josh: Josh, you're confirmed for the Franklin ghost town hike on Wednesday Oct 28, 1-4pm at Green River Gorge Rd. Wei, Carlos, Ryan, and Grace will be there too, and Grace shares your love of hiking plus the shift-worker life, so you two will have a lot in common on the trail. | Q10: P1 2026-10-28/g6 | R10: proposed #47, plan #34, locked #325, messages #336
A11: 10 | B11: P1 before fixes | C11: Sat 31 Oct morning, 9am-10:30am | D11: Pickleball doubles public courts in Maple Valley free, 3 people | E11: Andres, 64, commuter: loves pickleball Kevin, 30, commuter: loves pickleball Quinn, 49, commuter: loves pickleball | F11: All three rate pickleball as a top love, and they also share baseball and live music. | G11: Asked 3 times: 3 yes, 0 no, 0 counter. Locked by code with 3 yes (needs 2+). | H11: Andres (round 1): YES Saturday morning works great for Andres — he's free then and pickleball is one of his favorite activities. Count him in for doubles at Maple Valley! Kevin (round 1): YES Saturday 9-10:30am pickleball in Maple Valley works great for Kevin—he's free that morning, loves pickleball, it's free, and bonus baseball chat sounds perfect. Count him in! Quinn (round 1): YES Saturday 9-10:30am pickleball at Maple Valley courts works great for Quinn—free, morning works, and pickleball's a top love. Count them in! | I11: None: every rule held. | J11: live music (Andres, Kevin); dining (Andres, Kevin); pickleball (Andres, Kevin, Quinn); running (Kevin, Quinn); baseball (Kevin, Quinn) | K11: Good | L11: A clean, well-founded group: all three list pickleball as a top love, all are free Saturday morning, and the event is free, so budgets are untouched. Every agent said yes with reasons that match its profile, and the final messages name only the three attendees and cite real profile facts. The only blemishes are small overstatements of shared interests in the matchmaker's rationale and one invitation. | M11: Fable 5.1 audit | P11: Headline: Three pickleball lovers, one Saturday morning court in Maple Valley Andres: Andres, your Saturday doubles match is set: Maple Valley public courts, Sat Oct 31, 9-10:30am, with Kevin and Quinn. Kevin shares your love of dining and live music, so there's plenty to chat about between games. Kevin: Kevin, you're confirmed for pickleball doubles Saturday Oct 31, 9-10:30am at the Maple Valley public courts, alongside Andres and Quinn. Quinn's into running and baseball just like you, so you two will have plenty of common ground on the court. Quinn: Quinn, your pickleball match is locked in for Saturday Oct 31, 9-10:30am at the Maple Valley public courts, with Andres and Kevin joining you. Kevin shares your love of running and baseball, so expect some good sports talk between rallies. | Q11: P1 2026-10-31/g1 | R11: proposed #349, plan #341, locked #468, messages #474
A12: 11 | B12: P1 before fixes | C12: Sat 31 Oct morning, 8am-9am | D12: Easy 5K together Ten Trails trail network free, 3 people | E12: Hannah, 84, remote worker: loves running Kavya, 25, commuter: loves running Rachel, 29, commuter: likes running | F12: Three dedicated runners keen on a relaxed social 5K. | G12: Asked 3 times: 3 yes, 0 no, 0 counter. Locked by code with 3 yes (needs 2+). | H12: Hannah (round 1): YES Saturday 8-9am works great for Hannah—she loves running, and coffee after is a perfect bonus. Count her in! Kavya (round 1): YES Saturday 8-9am works great for Kavya - she's free that morning, loves running, and a free, low-pressure 5K with neighbors sounds perfect. She's in! Rachel (round 1): YES Rachel's free Saturday morning and loves running, so an easy 5K with neighbors at Ten Trails sounds great — count her in! | I12: None: every rule held. | J12: running (Hannah, Kavya, Rachel); live music (Kavya, Rachel) | K12: Good | L12: A clean, well-matched group: three Saturday-morning-free neighbors who all list running as a strong interest, asked once each, all three said yes, and the group locked at its original time with no counters or re-asks. The only blemishes are small overstatements of Rachel's interest level (really likes, not loves) and an unaddressed question about her Downtown location and 'avoids long drives' preference that the log cannot resolve. | M12: Fable 5.1 audit | P12: Headline: Three runners, one easy 5K at Ten Trails Hannah: Hannah, your Ten Trails 5K is set for Saturday 10/31, 8-9am, and you'll be running alongside Kavya and Rachel. Both of them love running just as much as you do, so expect good pace-matched company on the trail — a nice mix of ages but all equally into it. Kavya: Kavya, you're confirmed for the easy 5K at Ten Trails this Saturday, 10/31 from 8-9am, running with Hannah and Rachel. All three of you share a real love of running, so this should feel like an easy, natural group from the first step. Rachel: Rachel, your Ten Trails 5K group is locked in for Saturday 10/31, 8-9am, with Hannah and Kavya joining you. Running is something all three of you genuinely love, so you'll have plenty to talk about pace and routes with before you even start. | Q12: P1 2026-10-31/g2 | R12: proposed #350, plan #341, locked #469, messages #476
A13: 12 | B13: P1 before fixes | C13: Sat 31 Oct afternoon, 1pm-4pm | D13: Franklin ghost town hike Franklin ghost town trail, Green River Gorge Rd free, 5 people | E13: Carlos, 61, retiree: likes history, loves hiking Wei, 43, parent at home: likes hiking, loves photography Ryan, 78, retiree: loves history [side interest] Ron, 58, retiree: likes photography [side interest] Imani, 40, parent at home: loves hiking | F13: The keenest hikers plus history and birding fans exploring the ghost town, with two parents at home in the mix. | G13: Asked 5 times: 5 yes, 0 no, 0 counter. Locked by code with 5 yes (needs 2+). | H13: Carlos (round 1): YES This sounds perfect for Carlos — Saturday afternoon is free, he loves hiking and history, and a ghost town hike fits right in. Count him in! Wei (round 1): YES This fits well - hiking and photography are both things Wei loves, it's free, and Saturday afternoon is open. A small group of neighbors (not a big crowd) sounds comfortable too, so count Wei in. Ryan (round 1): YES Ryan's free Saturday afternoon and this is right up his alley—free, historical, and a gentle walk with neighbors. He'd love to join the Franklin ghost town hike. Ron (round 1): YES Saturday 1-4pm works great for Ron — free that afternoon, and birding plus photography along the gorge with a book-club friend sounds right up his alley. He's in! Imani (round 1): YES Saturday afternoon is free and this is right up Imani's alley — free, a hike, and close to home with no long drive. Count Imani in! | I13: None: every rule held. | J13: book club (Carlos, Ron); history (Carlos, Ryan); birding (Carlos, Ron); hiking (Carlos, Wei, Imani); farmers market (Carlos, Wei, Wei, Imani); photography (Wei, Ron) | K13: Good | L13: A clean, one-round negotiation: five people asked, five clear yeses, group locked at the proposed time with no wasted asks [383][398][403][408][428][464]. The members fit the activity on hiking, history, birding and photography, and the matchmaker's resolve step and final messages are accurate and name only attendees. Only minor framing issues exist: Ryan was pitched a 'gentle-paced walk' while everyone else was told it was a hike, and the final messages/headline stretch neighborhood proximity a little. | M13: Fable 5.1 audit | P13: Headline: Five Black Diamond neighbors hiking into history at Franklin ghost town Carlos: Carlos, your small group for the Franklin ghost town hike is set for Saturday 31 Oct, 1-4pm at the trailhead on Green River Gorge Rd. You'll be with Wei, Ryan, Ron, and Imani — Ryan's as much a history buff as you are, so the old townsite should be right up your alley. Wei: Wei, you're confirmed for the Franklin ghost town hike this Saturday 31 Oct, 1-4pm on Green River Gorge Rd, alongside Carlos, Ryan, Ron, and Imani. Imani's another hiking-loving parent at home in your neck of the woods, so you'll have plenty to chat about on the trail. Ryan: Ryan, your group is locked in for the Franklin ghost town hike, Saturday 31 Oct from 1-4pm at the Green River Gorge Rd trailhead. You'll be hiking with Carlos, Wei, Ron, and Imani — Carlos shares your love of history, so the ghost town ruins should spark some good conversation. Ron: Ron, you're set for the Franklin ghost town hike this Saturday 31 Oct, 1-4pm at Green River Gorge Rd, with Carlos, Wei, Ryan, and Imani joining you. Carlos loves birding just like you, so keep an eye out together along the trail. Imani: Imani, your hiking group meets Saturday 31 Oct, 1-4pm at the Franklin ghost town trailhead on Green River Gorge Rd, with Carlos, Wei, Ryan, and Ron. Wei is another parent at home who loves hiking, so you two should hit it off on the way to the old townsite. | Q13: P1 2026-10-31/g3 | R13: proposed #351, plan #341, locked #470, messages #478
... A68: 67 | B68: T2 after fixes | C68: Sat 31 Oct afternoon, 1pm-3:30pm | D68: Paddle Lake Sawyer Lake Sawyer Regional Park boat launch low cost, 4 people | E68: Claire, 58, remote worker: loves kayaking Lauren, 28, remote worker: loves kayaking Hannah, 44, remote worker: likes kayaking Donna, 61, remote worker: likes kayaking, is up for boating | F68: Kayak fans paddling Lake Sawyer together, several of whom also share a love of craft beer and books. | G68: Asked 4 times: 4 yes, 0 no, 0 counter. Locked by code with 4 yes (needs 2+). | H68: Claire (round 1): YES Saturday afternoon works great for Claire — kayaking on Lake Sawyer with a small neighbor group sounds perfect, and the quiet setting fits her preference to avoid loud places. Count her in! Lauren (round 1): YES This is a great fit—kayaking is one of Lauren's favorite activities, Saturday afternoon is open, and the low cost works with her budget. She'd love to join the paddle group! Hannah (round 1): YES Saturday afternoon works great for Hannah — kayaking is one of her favorite activities, and Lake Sawyer with a small group of neighbors sounds perfect. Count her in! Donna (round 1): YES Saturday 1-3:30pm works great for Donna—kayaking is one of her favorites, the time fits her free afternoon, it's low cost, and a small group of neighbors keeps it away from crowds. She's in! | I68: None: every rule held. | J68: hiking (Claire, Hannah); craft beer (Claire, Lauren, Donna); kayaking (Claire, Lauren, Hannah, Donna); dog walks (Claire, Donna); running (Lauren, Hannah, Donna); book club (Lauren, Hannah) | K68: Good | L68: Everyone is into kayaking (2 of 4 love it). No clashes. | M68: Rules (no AI call) | P68: Headline: Four paddlers, one lake: your Lake Sawyer crew is set for Saturday Claire: Claire, you're set for Paddle Lake Sawyer at the Lake Sawyer Regional Park boat launch, Saturday 31 Oct from 1-3:30pm, alongside Lauren, Hannah, and Donna. You and Hannah both love hiking, so between paddle strokes you'll have plenty to talk about on that front too. Lauren: Lauren, you're confirmed for Paddle Lake Sawyer at the Lake Sawyer Regional Park boat launch, Saturday 31 Oct, 1-3:30pm, with Claire, Hannah, and Donna. You and Hannah are both into book club, so you two will have more than kayaking to chat about on the water. Hannah: Hannah, your group for Paddle Lake Sawyer is confirmed: Saturday 31 Oct, 1-3:30pm at the Lake Sawyer Regional Park boat launch, with Claire, Lauren, and Donna. You and Claire both love hiking, which should make for easy conversation between paddles. Donna: Donna, you're in for Paddle Lake Sawyer at the Lake Sawyer Regional Park boat launch, Saturday 31 Oct, 1-3:30pm, joining Claire, Lauren, and Hannah. You and Claire both enjoy dog walks, so that's a nice shared topic to kick things off before you all get out on the lake. | Q68: T2 2026-10-31/g10 | R68: proposed #225, plan #204, locked #447, messages #466

Sheet Answers
A1: Match ID | B1: Run | C1: Activity | D1: Person | E1: Round | F1: Time asked | G1: What the matchmaker said (verbatim) | H1: What code told the agent | I1: Answer | J1: Asked for | K1: The agent's reason (verbatim) | L1: Placed? | M1: Your note | N1: Events
A2: S 2026-10-31/g1 | B2: S | C2: Green River Gorge hike | D2: e124 Wei T. | E2: 1 | F2: 9am-12pm | G2: Hi! How about a Green River Gorge hike this Saturday (31 Oct), 9am-12pm, at the Green River Gorge Conservation Area? It's free. You'd be walking with one other neighbor who's a keen hiker and also into photography, so bring your camera. The gorge in late fall is gorgeous, and you'd be done by lunch. Interested? | H2: nothing in the profile conflicts with it | I2: YES | J2: - | K2: This sounds great - Saturday morning works perfectly, Wei loves hiking and photography, it's free, and a small group with a fellow photography enthusiast is just the right vibe. Count Wei in! | L2: Yes | N2: #20 ask, #21 call, #38 reply
A3: S 2026-10-31/g1 | B3: S | C3: Green River Gorge hike | D3: e104 Susan L. | E3: 1 | F3: 9am-12pm | G3: Hi! Would you like a Green River Gorge hike this Saturday (31 Oct), 9am-12pm, at the Green River Gorge Conservation Area? It's free. It would be you and one other neighbor who loves hiking and photography as much as you do. Expect a relaxed pace with plenty of stops for shots of the gorge in fall colors. Want in? | H3: nothing in the profile conflicts with it | I3: YES | J3: - | K3: Susan's free Saturday morning and loves hiking plus photography - this gorge hike with fall colors sounds perfect, and it's free. Count her in! | L3: Yes | N3: #22 ask, #23 call, #28 reply
A4: S 2026-10-31/g2 | B4: S | C4: Franklin ghost town hike | D4: e020 Imani M. | E4: 1 | F4: 1pm-4pm | G4: Hi! How about the Franklin ghost town hike this Saturday (31 Oct), 1pm-4pm? Meet at the Franklin ghost town trail off Green River Gorge Rd. It's free. You'd go with one other Morgan Creek neighbor who's a history lover and a keen hiker. You'd get a good walk and lots of old coal-mining history along the way, which is very Halloween-appropriate. Sound good? | H4: nothing in the profile conflicts with it | I4: YES | J4: - | K4: This is a great fit—Imani loves hiking and history, it's free, Saturday afternoon is open, and a small neighbor group sounds low-key and not loud. Count her in! | L4: Yes | N4: #24 ask, #25 call, #33 reply
A5: S 2026-10-31/g2 | B5: S | C5: Franklin ghost town hike | D5: e143 Carlos T. | E5: 1 | F5: 1pm-4pm | G5: Hi! Would you like to do the Franklin ghost town hike this Saturday (31 Oct), 1pm-4pm? Meet at the Franklin ghost town trail on Green River Gorge Rd. It's free. You'd be with one other neighbor from Morgan Creek who shares your love of history and hiking. It's an easygoing afternoon among the old mine ruins, with plenty to talk about. Interested? | H5: nothing in the profile conflicts with it | I5: YES | J5: - | K5: Carlos would love this — hiking, history, and a ghost town ruin all in one, during his free Saturday afternoon. Count him in! | L5: Yes | N5: #26 ask, #27 call, #43 reply
A6: S 2026-10-31/g3 | B6: S | C6: Kraken hockey night | D6: e094 Cody F. | E6: 1 | F6: 7pm-9:30pm | G6: Hi! The Kraken play Saturday night (31 Oct), 7pm-9:30pm, and a small group is watching at the Black Diamond Grill. It's low cost: just your food and drinks. You'd join three other neighbors who are serious about watching sports, and a couple of them are into good food too. It's a fun way to spend Halloween night. Want a seat? | H6: nothing in the profile conflicts with it | I6: YES | J6: - | K6: Cody's free Saturday evening and loves watch sports plus dining, so Kraken hockey night at Black Diamond Grill is a great fit. Count him in! | L6: Yes | N6: #31 ask, #32 call, #48 reply
A7: S 2026-10-31/g3 | B7: S | C7: Kraken hockey night | D7: e075 Rosa G. | E7: 1 | F7: 7pm-9:30pm | G7: Hi! Kraken hockey night is this Saturday (31 Oct), 7pm-9:30pm, at the Black Diamond Grill. It's low cost. You'd be watching with three other neighbors who love sports and craft beer as much as you do. Grab a pint, cheer on the Kraken, and meet some locals. Are you in? | H7: nothing in the profile conflicts with it | I7: YES | J7: - | K7: Rosa's free Saturday evening and this is right up her alley—watching sports with craft beer and meeting neighbors sounds great. She's in! | L7: Yes | N7: #36 ask, #37 call, #51 reply
A8: S 2026-10-31/g3 | B8: S | C8: Kraken hockey night | D8: e158 Olivia A. | E8: 1 | F8: 7pm-9:30pm | G8: Hi! How about watching the Kraken game this Saturday (31 Oct), 7pm-9:30pm, at the Black Diamond Grill? It's low cost. You'd join three other neighbors who are keen fans, and a couple of them share your love of craft beer and good food. It should be a lively, friendly evening. Interested? | H8: nothing in the profile conflicts with it | I8: NO | J8: - | K8: Olivia's free Saturday evening, but watching a competitive sports game isn't her thing—she avoids competitive settings and this isn't really aligned with her interests in craft beer, running, dining, or volunteering. Thanks for thinking of her though! | L8: No | N8: #41 ask, #42 call, #54 reply
A9: S 2026-10-31/g3 | B9: S | C9: Kraken hockey night | D9: e157 Kevin B. | E9: 1 | F9: 7pm-9:30pm | G9: Hi! The Kraken are on this Saturday (31 Oct), 7pm-9:30pm, and a small group is watching at the Black Diamond Grill. It's low cost. You'd join three other neighbors who love watching sports, and some of them are craft beer fans too, so it's a relaxed night with good company. Want to come? | H9: nothing in the profile conflicts with it | I9: YES | J9: - | K9: Kevin's free Saturday evening and loves watching sports with craft beer on hand — count him in for Kraken hockey night at Black Diamond Grill, low cost and small group works great for him. | L9: Yes | N9: #46 ask, #47 call, #57 reply
A10: P1 2026-10-28/g1 | B10: P1 | C10: Pickleball doubles | D10: e081 Andres T. | E10: 1 | F10: 5:30pm-7pm | G10: Pickleball doubles Wednesday 5:30-7pm at the public courts in Maple Valley, with 3 other neighbors who rate pickleball as highly as you do. That's a perfect four for rotating partners, and a couple of them share your love of live music. Free. Want in? | H10: nothing in the profile conflicts with it | I10: YES | J10: - | K10: Andres is free Wednesday evening and loves pickleball—count him in for doubles at Maple Valley, 5:30-7pm! | L10: Yes | N10: #48 ask, #49 call, #56 reply
A11: P1 2026-10-28/g1 | B11: P1 | C11: Pickleball doubles | D11: e081 Andres T. | E11: 2 | F11: 5:30pm-7pm | G11: Confirmed: pickleball doubles today, Wed 28 Oct, 5:30pm-7pm with Quinn, Kevin and Heather. | H11: nothing in the profile conflicts with it | I11: YES | J11: - | K11: Andres is free Wednesday evening and loves pickleball - he's happy to join Quinn, Kevin and Heather at 5:30pm in Maple Valley. | L11: Yes | N11: #172 ask, #173 call, #180 reply
A12: P1 2026-10-28/g1 | B12: P1 | C12: Pickleball doubles | D12: e043 Quinn J. | E12: 1 | F12: 5:30pm-7pm | G12: Pickleball doubles Wednesday 5:30-7pm at the Maple Valley public courts, with 3 other keen players, so you get a full doubles four. A few of them are baseball fans too, so expect some chat between games. Free. Interested? | H12: nothing in the profile conflicts with it | I12: YES | J12: - | K12: Quinn's free Wednesday evening and loves pickleball—free doubles at Maple Valley works great, especially with some baseball chat thrown in. Count Quinn in! | L12: Yes | N12: #50 ask, #51 call, #61 reply
A13: P1 2026-10-28/g1 | B13: P1 | C13: Pickleball doubles | D13: e043 Quinn J. | E13: 2 | F13: 5:30pm-7pm | G13: Confirmed: pickleball doubles today, Wed 28 Oct, 5:30pm-7pm with Andres, Kevin and Heather. | H13: nothing in the profile conflicts with it | I13: YES | J13: - | K13: Quinn's in for pickleball doubles Wed 28 Oct, 5:30-7pm at Maple Valley courts — free, matches his evening availability, and pickleball's his favorite. See you there! | L13: Yes | N13: #174 ask, #175 call, #199 reply
... A297: T2 2026-10-31/g10 | B297: T2 | C297: Paddle Lake Sawyer | D297: e067 Donna M. | E297: 1 | F297: 1pm-3:30pm | G297: Saturday 1-3:30pm: an uncrowded small-group paddle on Lake Sawyer, kayaking with 3 neighbors. Low cost. | H297: nothing in the profile conflicts with it | I297: YES | J297: - | K297: Saturday 1-3:30pm works great for Donna—kayaking is one of her favorites, the time fits her free afternoon, it's low cost, and a small group of neighbors keeps it away from crowds. She's in! | L297: Yes | N297: #412 ask, #413 call, #423 reply

Sheet Tally
B2: Review progress
B4: Claude's read | C4: Matches | D4: Share | F4: Your verdict | G4: Matches | H4: Share of reviewed
B5: Good | C5: =COUNTIF(Matches!$K$2:$K$68,B5) | D5: =IF($C$9=0,0,C5/$C$9) | F5: Good | G5: =COUNTIF(Matches!$N$2:$N$68,F5) | H5: =IF($G$9=0,0,G5/$G$9)
B6: OK | C6: =COUNTIF(Matches!$K$2:$K$68,B6) | D6: =IF($C$9=0,0,C6/$C$9) | F6: OK | G6: =COUNTIF(Matches!$N$2:$N$68,F6) | H6: =IF($G$9=0,0,G6/$G$9)
B7: Weak | C7: =COUNTIF(Matches!$K$2:$K$68,B7) | D7: =IF($C$9=0,0,C7/$C$9) | F7: Bad | G7: =COUNTIF(Matches!$N$2:$N$68,F7) | H7: =IF($G$9=0,0,G7/$G$9)
B8: Bad | C8: =COUNTIF(Matches!$K$2:$K$68,B8) | D8: =IF($C$9=0,0,C8/$C$9) | F8: Unsure | G8: =COUNTIF(Matches!$N$2:$N$68,F8) | H8: =IF($G$9=0,0,G8/$G$9)
B9: Total | C9: =SUM(C5:C8) | F9: Reviewed | G9: =SUM(G5:G8)
F10: Still to review | G10: =C9-G9
B12: Where you and Claude disagree
B13: Claude: Good, you: Bad | C13: =COUNTIFS(Matches!$K$2:$K$68,"Good",Matches!$N$2:$N$68,"Bad")
B14: Claude: Weak or Bad, you: Good | C14: =COUNTIFS(Matches!$K$2:$K$68,"Weak",Matches!$N$2:$N$68,"Good")+COUNTIFS(Matches!$K$2:$K$68,"Bad",Matches!$N$2:$N$68,"Good")
B16: By run
B17: Run | C17: Matches | D17: Good | F17: OK | G17: Weak
B18: S (before fixes) | C18: =COUNTIF(Matches!$B$2:$B$68,"S*") | D18: =COUNTIFS(Matches!$B$2:$B$68,"S*",Matches!$K$2:$K$68,"Good") | F18: =COUNTIFS(Matches!$B$2:$B$68,"S*",Matches!$K$2:$K$68,"OK") | G18: =COUNTIFS(Matches!$B$2:$B$68,"S*",Matches!$K$2:$K$68,"Weak")
B19: P1 (before fixes) | C19: =COUNTIF(Matches!$B$2:$B$68,"P1*") | D19: =COUNTIFS(Matches!$B$2:$B$68,"P1*",Matches!$K$2:$K$68,"Good") | F19: =COUNTIFS(Matches!$B$2:$B$68,"P1*",Matches!$K$2:$K$68,"OK") | G19: =COUNTIFS(Matches!$B$2:$B$68,"P1*",Matches!$K$2:$K$68,"Weak")
B20: T1 (before fixes) | C20: =COUNTIF(Matches!$B$2:$B$68,"T1*") | D20: =COUNTIFS(Matches!$B$2:$B$68,"T1*",Matches!$K$2:$K$68,"Good") | F20: =COUNTIFS(Matches!$B$2:$B$68,"T1*",Matches!$K$2:$K$68,"OK") | G20: =COUNTIFS(Matches!$B$2:$B$68,"T1*",Matches!$K$2:$K$68,"Weak")
B21: P2 (after fixes) | C21: =COUNTIF(Matches!$B$2:$B$68,"P2*") | D21: =COUNTIFS(Matches!$B$2:$B$68,"P2*",Matches!$K$2:$K$68,"Good") | F21: =COUNTIFS(Matches!$B$2:$B$68,"P2*",Matches!$K$2:$K$68,"OK") | G21: =COUNTIFS(Matches!$B$2:$B$68,"P2*",Matches!$K$2:$K$68,"Weak")
B22: T2 (after fixes) | C22: =COUNTIF(Matches!$B$2:$B$68,"T2*") | D22: =COUNTIFS(Matches!$B$2:$B$68,"T2*",Matches!$K$2:$K$68,"Good") | F22: =COUNTIFS(Matches!$B$2:$B$68,"T2*",Matches!$K$2:$K$68,"OK") | G22: =COUNTIFS(Matches!$B$2:$B$68,"T2*",Matches!$K$2:$K$68,"Weak")
B24: Counts are formulas; they fill in when the file is opened in Excel, Numbers or Google Sheets.

Sheet People
A1: ID | B1: Name | C1: Age | D1: Kind of week | E1: Kids | F1: Area | G1: Budget | H1: Loves | I1: Likes | J1: Is up for | K1: Not into | L1: Avoids | M1: In runs | N1: Times asked | O1: Times placed
A2: e001 | B2: Nikhil R. | C2: 37 | D2: commuter | E2: Yes | F2: Lake Sawyer | G2: low | H2: watch sports, golf, crafts | I2: - | J2: - | K2: history, book club | L2: late nights, early mornings | M2: T1, T2 | N2: 3 | O2: 2
A3: e002 | B3: Minh W. | C3: 26 | D3: remote worker | E3: No | F3: Morgan Creek | G3: free | H3: coffee, kayaking | I3: running, mountain biking | J3: - | K3: gardening, history, board games | L3: - | M3: T1, T2 | N3: 0 | O3: 0
A4: e003 | B4: Min-jun C. | C4: 81 | D4: retiree | E4: No | F4: Lawson Hills | G4: any | H4: watch sports | I4: - | J4: book club, history | K4: bmx, birding | L4: - | M4: T1, T2 | N4: 1 | O4: 1
A5: e004 | B5: Kavya L. | C5: 70 | D5: retiree | E5: No | F5: Lawson Hills | G5: low | H5: fishing, crafts | I5: golf | J5: dining | K5: hiking, kayaking, craft beer | L5: competitive, spending money | M5: T1, T2 | N5: 0 | O5: 0
A6: e005 | B6: Amy H. | C6: 49 | D6: commuter | E6: Yes | F6: Morgan Creek | G6: any | H6: running | I6: live music | J6: baseball, swimming, baking, hiking | K6: volunteering | L6: competitive | M6: T1, T2 | N6: 1 | O6: 1
A7: e006 | B7: Tyler B. | C7: 27 | D7: commuter | E7: Yes | F7: Ten Trails | G7: low | H7: - | I7: watch sports, gardening | J7: dining, baking, farmers market, swimming | K7: cooking, cards, photography | L7: loud places | M7: T1, T2 | N7: 0 | O7: 0
A8: e007 | B8: Amy A. | C8: 32 | D8: remote worker | E8: Yes | F8: Black Diamond Ridge | G8: low | H8: dining | I8: craft beer, farmers market | J8: book club | K8: trivia, photography | L8: - | M8: T1, T2 | N8: 0 | O8: 0
A9: e008 | B9: Andres G. | C9: 22 | D9: shift worker | E9: No | F9: Lawson Hills | G9: low | H9: coffee, mountain biking, hiking, baking | I9: fishing, swimming | J9: - | K9: golf | L9: long drives, loud places | M9: P1, T1, P2, T2 | N9: 3 | O9: 2
A10: e009 | B10: Sofia H. | C10: 38 | D10: remote worker | E10: Yes | F10: Ten Trails | G10: low | H10: kayaking, farmers market | I10: yoga | J10: swimming | K10: basketball, gardening, cooking | L10: early mornings | M10: T1, T2 | N10: 0 | O10: 0
A11: e010 | B11: Jim M. | C11: 41 | D11: commuter | E11: Yes | F11: Morgan Creek | G11: low | H11: farmers market | I11: pickleball, boating | J11: - | K11: kayaking, baseball, golf | L11: competitive, long drives | M11: T1, T2 | N11: 0 | O11: 0
A12: e011 | B12: Claire P. | C12: 24 | D12: student | E12: No | F12: Black Diamond Ridge | G12: low | H12: tubing, dog walks, birding | I12: swimming | J12: trivia, watch sports | K12: crafts, volunteering, farmers market | L12: - | M12: T1, T2 | N12: 3 | O12: 3
A13: e012 | B13: Emma R. | C13: 71 | D13: retiree | E13: No | F13: Morgan Creek | G13: low | H13: golf, book club, kayaking | I13: - | J13: - | K13: crafts, fishing | L13: spending money, loud places | M13: T1, T2 | N13: 1 | O13: 1
... A201: e200 | B201: Hunter C. | C201: 59 | D201: commuter | E201: No | F201: Downtown | G201: free | H201: live music | I201: pickleball, dining, board games, bmx | J201: - | K201: birding, swimming | L201: crowds, late nights | M201: T1, T2 | N201: 2 | O201: 1
